names,urls
Max Aarons,/en/players/774cf58b/Max-Aarons
Rodrigo Abajas,/en/players/69c99fce/Rodrigo-Abajas
Abel,/en/players/40b6bd38/Abel
Nabil Aberdin,/en/players/cadfa7d1/Nabil-Aberdin
Abdel Abqar,/en/players/2bc7f211/Abdel-Abqar
Akor Adams,/en/players/2ccd39ed/Akor-Adams
Adrián,/en/players/f76e6b4e/Adrian
Julen Agirrezabala,/en/players/a2c1a8d3/Julen-Agirrezabala
Lucien Agoume,/en/players/8bc8829a/Lucien-Agoume
Álvaro Aguado,/en/players/014aa7bd/Alvaro-Aguado
Lorenzo Aguado,/en/players/beae81e1/Lorenzo-Aguado
Nayef Aguerd,/en/players/288e1e13/Nayef-Aguerd
Joseph Aidoo,/en/players/18abe173/Joseph-Aidoo
Joseph Aidoo,/en/players/18abe173/Joseph-Aidoo
Ilias Akhomach,/en/players/b8bd60fe/Ilias-Akhomach
David Alaba,/en/players/05439de2/David-Alaba
Raúl Albiol,/en/players/4bd414c1/Raul-Albiol
Omar Alderete,/en/players/bb08bce9/Omar-Alderete
Carles Aleñá,/en/players/6c811eb7/Carles-Alena
Carles Aleñá,/en/players/6c811eb7/Carles-Alena
Alfon,/en/players/1c772b46/Alfon
Tadeo Allende,/en/players/75a66bed/Tadeo-Allende
Domingos André Ribeiro Almeida,/en/players/e6697917/Domingos-Andre-Ribeiro-Almeida
Iker Almena,/en/players/0b32f721/Iker-Almena
Marcos Alonso,/en/players/f4290206/Marcos-Alonso
Adrià Altimira,/en/players/757a3431/Adria-Altimira
Sergi Altimira,/en/players/94acdd4e/Sergi-Altimira
Hugo Álvarez,/en/players/6f392eb8/Hugo-Alvarez
Julián Álvarez,/en/players/15ab5a2b/Julian-Alvarez
Yeray Álvarez,/en/players/3ecc11d8/Yeray-Alvarez
Selim Amallah,/en/players/00eba9c9/Selim-Amallah
Amath,/en/players/f3b1d9a2/Amath
Marcos André,/en/players/ae86d473/Marcos-Andre
Leandro Antonetti,/en/players/2febb559/Leandro-Antonetti
Antoniu,/en/players/af784a9e/Antoniu
Antony,/en/players/99127249/Antony
Anuar,/en/players/c93231dc/Anuar
Aritz Arambarri,/en/players/f28876e5/Aritz-Arambarri
Mauro Arambarri,/en/players/58afe001/Mauro-Arambarri
Jon Aramburu,/en/players/dc7a172e/Jon-Aramburu
Ronald Araújo,/en/players/2bef2bca/Ronald-Araujo
Adu Ares,/en/players/a461f098/Adu-Ares
Jesús Areso,/en/players/94e01ec6/Jesus-Areso
David Argüelles,/en/players/a1b81f14/David-Arguelles
José Arnaiz,/en/players/46e07328/Jose-Arnaiz
Sergio Arribas,/en/players/ff31f01f/Sergio-Arribas
Takuma Asano,/en/players/13ddc856/Takuma-Asano
Raúl Asencio,/en/players/4731cd4c/Raul-Asencio
Iago Aspas,/en/players/7dcf86f6/Iago-Aspas
Yaser Asprilla,/en/players/d139daf9/Yaser-Asprilla
Ezequiel Ávila,/en/players/253a06b9/Ezequiel-Avila
Adam Aznou,/en/players/e678d983/Adam-Aznou
César Azpilicueta,/en/players/53cad200/Cesar-Azpilicueta
Papa Ba,/en/players/e0b0f636/Papa-Ba
Loïc Bade,/en/players/114bbdee/Loic-Bade
Alex Baena,/en/players/518f2234/Alex-Baena
Juma Bah,/en/players/7b505397/Juma-Bah
Eric Bailly,/en/players/a1232f4e/Eric-Bailly
Stefan Bajcetic,/en/players/32e8417f/Stefan-Bajcetic
Cédric Bakambu,/en/players/0af4dcf0/Cedric-Bakambu
Alejandro Balde,/en/players/5ccc9672/Alejandro-Balde
Iván Balliu,/en/players/cee88597/Ivan-Balliu
Jonathan Bamba,/en/players/b2bd0f6c/Jonathan-Bamba
Adrian Baquerin,/en/players/218bc8d2/Adrian-Baquerin
Valentín Barco,/en/players/b9f282ec/Valentin-Barco
Borna Barišić,/en/players/712dd708/Borna-Barisic
Kike Barja,/en/players/aad53e64/Kike-Barja
Enzo Barrenechea,/en/players/6caffe81/Enzo-Barrenechea
Ander Barrenetxea,/en/players/200e89e1/Ander-Barrenetxea
Pablo Barrios,/en/players/45736cec/Pablo-Barrios
Thierno Barry,/en/players/52c3244b/Thierno-Barry
Marc Bartra,/en/players/b742cc0d/Marc-Bartra
Aboubacar Bassinga,/en/players/22a312ec/Aboubacar-Bassinga
Augusto Batalla,/en/players/fc627681/Augusto-Batalla
Rafael Bauza,/en/players/c6b930b1/Rafael-Bauza
Sheraldo Becker,/en/players/8eb55dbb/Sheraldo-Becker
Donny van de Beek,/en/players/50dc94ce/Donny-van-de-Beek
Luken Beitia,/en/players/1406fae0/Luken-Beitia
Ismael Bekhoucha,/en/players/e42c0f53/Ismael-Bekhoucha
Héctor Bellerín,/en/players/f874dd44/Hector-Bellerin
Jude Bellingham,/en/players/57d88cf9/Jude-Bellingham
Fran Beltrán,/en/players/ed5c5fa3/Fran-Beltran
Carlos Benavídez,/en/players/9fb45456/Carlos-Benavidez
Iker Benito,/en/players/50cbc806/Iker-Benito
Yuri Berchiche,/en/players/b6e50615/Yuri-Berchiche
Álex Berenguer,/en/players/dc1c2fce/Alex-Berenguer
Marc Bernal,/en/players/29117812/Marc-Bernal
Juan Bernat,/en/players/433dc9a2/Juan-Bernat
Juan Bernat,/en/players/433dc9a2/Juan-Bernat
Juan Berrocal,/en/players/377ef3a6/Juan-Berrocal
Antonio Blanco,/en/players/506daeac/Antonio-Blanco
Daley Blind,/en/players/691bef82/Daley-Blind
Adama Boiro,/en/players/e7992f7b/Adama-Boiro
Enzo Boyomo,/en/players/3a99bc13/Enzo-Boyomo
Enzo Boyomo,/en/players/3a99bc13/Enzo-Boyomo
Darko Brašanac,/en/players/4accb7e0/Darko-Brasanac
Tajon Buchanan,/en/players/3aca6420/Tajon-Buchanan
Ante Budimir,/en/players/8f3565b3/Ante-Budimir
Manu Bueno,/en/players/c5642098/Manu-Bueno
Endika Buján,/en/players/72699f75/Endika-Bujan
Pau Cabanes,/en/players/53440b64/Pau-Cabanes
Pau Cabanes,/en/players/53440b64/Pau-Cabanes
Leandro Cabrera,/en/players/69cbc8b6/Leandro-Cabrera
Fernando Calero,/en/players/41b3069f/Fernando-Calero
Eduardo Camavinga,/en/players/7b9c2d84/Eduardo-Camavinga
Sergio Camello,/en/players/873619c6/Sergio-Camello
José Campaña,/en/players/61220da2/Jose-Campana
Peio Canales,/en/players/3b5d2ab7/Peio-Canales
Antonio Candela,/en/players/d4307c52/Antonio-Candela
Sergi Canós,/en/players/1137759d/Sergi-Canos
Cárdenas,/en/players/e1846dde/Cardenas
Irvin Cardona,/en/players/5e080f73/Irvin-Cardona
Marc Cardona,/en/players/b92b456a/Marc-Cardona
Sergi Cardona,/en/players/74e90475/Sergi-Cardona
Johnny Cardoso,/en/players/7426f085/Johnny-Cardoso
Carmona,/en/players/2dce876a/Carmona
Sergio Carreira,/en/players/8d6a9c93/Sergio-Carreira
Dani Carvajal,/en/players/4958bfb2/Dani-Carvajal
William Carvalho,/en/players/dee86451/William-Carvalho
Marc Casado,/en/players/2ef08833/Marc-Casado
Catena,/en/players/274ab13c/Catena
Maximiliano Caufriez,/en/players/c92c24f0/Maximiliano-Caufriez
Dani Ceballos,/en/players/c0617e2b/Dani-Ceballos
Franco Cervi,/en/players/5e1028e5/Franco-Cervi
Raúl Chasco,/en/players/61d964b8/Raul-Chasco
Pep Chavarría,/en/players/63c5e56b/Pep-Chavarria
Walid Cheddira,/en/players/0545a08e/Walid-Cheddira
Chema,/en/players/39ef21fa/Chema
Julián Chicco,/en/players/92dacb99/Julian-Chicco
Chiquinho,/en/players/dc6c2f02/Chiquinho
Andreas Christensen,/en/players/1cb49278/Andreas-Christensen
Jasper Cillessen,/en/players/04ac8285/Jasper-Cillessen
Pathé Ciss,/en/players/9a0408b6/Pathe-Ciss
Seydouba Cissé,/en/players/0d13e455/Seydouba-Cisse
Silvi Clúa,/en/players/b793dea2/Silvi-Clua
Eray Cömert,/en/players/15937e17/Eray-Comert
Santi Comesaña,/en/players/5ae499d0/Santi-Comesana
Diego Conde,/en/players/4eae5bc4/Diego-Conde
Tomás Conechny,/en/players/f61143dd/Tomas-Conechny
Copete,/en/players/0f26ffd7/Copete
Iker Córdoba,/en/players/f35d5b6a/Iker-Cordoba
Ángel Correa,/en/players/01eb744d/Angel-Correa
Thierry Correia,/en/players/c78b352d/Thierry-Correia
Coba da Costa,/en/players/0b3358f0/Coba-da-Costa
Logan Costa,/en/players/bfb2056e/Logan-Costa
Samu Costa,/en/players/76c2a023/Samu-Costa
Thibaut Courtois,/en/players/1840e36d/Thibaut-Courtois
Juan Cruz Armada,/en/players/a56da3ba/Juan-Cruz-Armada
Juan Cruz,/en/players/cc2dd8a5/Juan-Cruz
Pau Cubarsí,/en/players/cc7888f3/Pau-Cubarsi
Cucho,/en/players/71b47ab9/Cucho
Arnaut Danjuma,/en/players/f08490a6/Arnaut-Danjuma
Arnaut Danjuma,/en/players/f08490a6/Arnaut-Danjuma
Sergi Darder,/en/players/070a3904/Sergi-Darder
Rodrigo De Paul,/en/players/162efffd/Rodrigo-De-Paul
Mouctar Diakhaby,/en/players/d2110326/Mouctar-Diakhaby
Assane Diao,/en/players/8ae7d0ec/Assane-Diao
Moussa Diarra,/en/players/698f11e3/Moussa-Diarra
Brahim Díaz,/en/players/407feb71/Brahim-Diaz
Pedro Díaz,/en/players/eea5130e/Pedro-Diaz
Diego,/en/players/b85a5126/Diego
Stole Dimitrievski,/en/players/fc70e345/Stole-Dimitrievski
Álvaro djaló,/en/players/45c29ae7/Alvaro-djalo
Djené,/en/players/a4971d84/Djene
Marko Dmitrović,/en/players/ac295d9e/Marko-Dmitrovic
Marc Domenech,/en/players/54880c9b/Marc-Domenech
Carlos Dominguez,/en/players/3521abfe/Carlos-Dominguez
Israel Domínguez,/en/players/d2ba7592/Israel-Dominguez
Sergi Dominguez,/en/players/88507352/Sergi-Dominguez
Anastasios Douvikas,/en/players/853ca71c/Anastasios-Douvikas
Domingos Duarte,/en/players/93090f69/Domingos-Duarte
Duk,/en/players/777c02e8/Duk
Pablo Durán,/en/players/6db116ec/Pablo-Duran
Hugo Duro,/en/players/37e103f8/Hugo-Duro
Chidera Ejuke,/en/players/e7f3e8a7/Chidera-Ejuke
Aritz Elustondo,/en/players/f7dc2ae5/Aritz-Elustondo
Adri Embarba,/en/players/db8f0eba/Adri-Embarba
Endrick,/en/players/a2728fbf/Endrick
Alfonso Espino,/en/players/db001fa9/Alfonso-Espino
Dario Essugo,/en/players/1e4319ac/Dario-Essugo
Etienne Eto'o,/en/players/7ecd41a2/Etienne-Etoo
Edu Expósito,/en/players/283c7121/Edu-Exposito
Abde Ezzalzouli,/en/players/bed68338/Abde-Ezzalzouli
Ansu Fati,/en/players/0ba976e4/Ansu-Fati
Peter Federico,/en/players/1ccd3dae/Peter-Federico
Nabil Fekir,/en/players/bece776f/Nabil-Fekir
Kiko Femenía,/en/players/e5d01ecf/Kiko-Femenia
Álvaro Fernández,/en/players/f127d782/Alvaro-Fernandez
Roberto Férnandez,/en/players/c981fc98/Roberto-Fernandez
Valery Fernández,/en/players/4acd733a/Valery-Fernandez
Mateo Flores,/en/players/90dcf851/Mateo-Flores
Pablo Fornals,/en/players/82927de4/Pablo-Fornals
Héctor Fort,/en/players/2e31f3a6/Hector-Fort
Dimitri Foulquier,/en/players/45e17712/Dimitri-Foulquier
Juan Foyth,/en/players/6c7762c3/Juan-Foyth
Alejandro Francés,/en/players/3e78a188/Alejandro-Frances
Enric Franquesa,/en/players/40883e3a/Enric-Franquesa
Jorge de Frutos,/en/players/38ce1150/Jorge-de-Frutos
Darío Fuentes,/en/players/893268ab/Dario-Fuentes
Manuel Fuster,/en/players/618f396a/Manuel-Fuster
Javi Galán,/en/players/a4b00319/Javi-Galan
Iñigo Ruiz de Galarreta,/en/players/91f7631f/Inigo-Ruiz-de-Galarreta
Conor Gallagher,/en/players/c2731c10/Conor-Gallagher
Facundo Garcés,/en/players/20c88f8f/Facundo-Garces
Álvaro García,/en/players/90bbd822/Alvaro-Garcia
Eric García,/en/players/2bed3eab/Eric-Garcia
Fran Garcia,/en/players/7226539b/Fran-Garcia
Joan García,/en/players/87b498b0/Joan-Garcia
Pablo Garcia,/en/players/9925419c/Pablo-Garcia
Rubén García,/en/players/5c96b017/Ruben-Garcia
Yarek Gasiorowski,/en/players/20a65cdf/Yarek-Gasiorowski
Gavi,/en/players/19cae58d/Gavi
Paulo Gazzaniga,/en/players/63d17038/Paulo-Gazzaniga
Bryan Gil,/en/players/7b5ab7f2/Bryan-Gil
Dani Gómez,/en/players/0e5ddc7c/Dani-Gomez
Moi Gómez,/en/players/5a626448/Moi-Gomez
Sergi Gómez,/en/players/bc6f5f06/Sergi-Gomez
Sergio Gómez,/en/players/01e5f06e/Sergio-Gomez
Unai Gómez,/en/players/37db6cae/Unai-Gomez
Fabio González,/en/players/5418d47c/Fabio-Gonzalez
Urko González,/en/players/c4f5eb61/Urko-Gonzalez
Urko González,/en/players/c4f5eb61/Urko-Gonzalez
Andoni Gorosabel,/en/players/6f5f82c0/Andoni-Gorosabel
José Gragera,/en/players/ee45d138/Jose-Gragera
Dominik Greif,/en/players/30061f53/Dominik-Greif
Antoine Griezmann,/en/players/df69b544/Antoine-Griezmann
Florian Grillitsch,/en/players/ffbbc83b/Florian-Grillitsch
Vicente Guaita,/en/players/ab13a5aa/Vicente-Guaita
Sergi Guardiola,/en/players/32974271/Sergi-Guardiola
Nemanja Gudelj,/en/players/0076ab7f/Nemanja-Gudelj
Javier Guerra,/en/players/3828f130/Javier-Guerra
Ander Guevara,/en/players/8e48dc61/Ander-Guevara
Pape Gueye,/en/players/7155e3e1/Pape-Gueye
Hugo Guillamón,/en/players/f7c12fbf/Hugo-Guillamon
Carlos Guirao,/en/players/4d9f02df/Carlos-Guirao
Arda Güler,/en/players/3741ca58/Arda-Guler
Gerard Gumbau,/en/players/ac454a4f/Gerard-Gumbau
Jon Guridi,/en/players/4c0a6a48/Jon-Guridi
Gorka Guruzeta,/en/players/6b5ea2f4/Gorka-Guruzeta
Miguel Gutiérrez,/en/players/7e98cff1/Miguel-Gutierrez
Munir El Haddadi,/en/players/8696bc90/Munir-El-Haddadi
Sébastien Haller,/en/players/ba115a40/Sebastien-Haller
Javi Hernández ,/en/players/9a76c2e9/Javi-Hernandez
Aridane Hernández,/en/players/132ac341/Aridane-Hernandez
Jorge Herrando,/en/players/e19c989c/Jorge-Herrando
Ander Herrera,/en/players/436a9dd0/Ander-Herrera
Sergio Herrera,/en/players/a4995f48/Sergio-Herrera
Yangel Herrera,/en/players/5083a734/Yangel-Herrera
Juan Herzog,/en/players/3a18abe2/Juan-Herzog
Omar El Hilali,/en/players/139560df/Omar-El-Hilali
Dinko Horkaš,/en/players/8fafc04d/Dinko-Horkas
Pablo Ibáñez,/en/players/3701906c/Pablo-Ibanez
Stanis Idumbo,/en/players/53551b98/Stanis-Idumbo
Iglesias,/en/players/974322dc/Iglesias
Borja Iglesias,/en/players/75645f0e/Borja-Iglesias
Kelechi Iheanacho,/en/players/c92e1a31/Kelechi-Iheanacho
Isco,/en/players/a0b4bb3e/Isco
Ivan Jaime Pajuelo,/en/players/90ba7fa6/Ivan-Jaime-Pajuelo
Karl Jakob Hein,/en/players/aa81d8f8/Karl-Jakob-Hein
Adnan Januzaj,/en/players/4737cebe/Adnan-Januzaj
Mikel Jauregizar,/en/players/2f5c78ca/Mikel-Jauregizar
John Joe,/en/players/fd01216a/John-Joe
Jofre,/en/players/030ef8d6/Jofre
Frenkie de Jong,/en/players/1bacc518/Frenkie-de-Jong
Joan Jordán,/en/players/2a0c8ba4/Joan-Jordan
Juanmi,/en/players/84399660/Juanmi
Juanmi,/en/players/84399660/Juanmi
Juanpe,/en/players/1633fc8a/Juanpe
Luiz Lúcio Reis Júnior,/en/players/d0530e29/Luiz-Lucio-Reis-Junior
Vinicius Júnior,/en/players/7111d552/Vinicius-Junior
Stanko Jurić,/en/players/21a87181/Stanko-Juric
Willy Kambwala,/en/players/6a7353d7/Willy-Kambwala
Abdoulaye Keita,/en/players/154b6735/Abdoulaye-Keita
Kenedy,/en/players/5eebbfdf/Kenedy
Kiké,/en/players/e897d8ba/Kike
Koke,/en/players/55126f3b/Koke
Jules Koundé,/en/players/4d1666ff/Jules-Kounde
Alex Král,/en/players/e717705a/Alex-Kral
Ladislav Krejčí,/en/players/5b5c2228/Ladislav-Krejci
Takefusa Kubo,/en/players/16aa3654/Takefusa-Kubo
Marash Kumbulla,/en/players/a40819d9/Marash-Kumbulla
Luca de la Torre,/en/players/e9241b40/Luca-de-la-Torre
Yoel Lago,/en/players/edd4e7a5/Yoel-Lago
Cyle Larin,/en/players/e7af9060/Cyle-Larin
Juanmi Latasa,/en/players/2bea832e/Juanmi-Latasa
Toni Lato,/en/players/8e088e04/Toni-Lato
Robin Le Normand,/en/players/9a64e67e/Robin-Le-Normand
Florian Lejeune,/en/players/6eaed4eb/Florian-Lejeune
Iñigo Lekue,/en/players/59b7d823/Inigo-Lekue
Thomas Lemar,/en/players/4dbd0916/Thomas-Lemar
Clément Lenglet,/en/players/4f28a6ff/Clement-Lenglet
Robert Lewandowski,/en/players/8d78e732/Robert-Lewandowski
Samuel Lino,/en/players/2a295d33/Samuel-Lino
Javier Llabrés,/en/players/38b0cf42/Javier-Llabres
Diego Llorente,/en/players/bba30585/Diego-Llorente
Marcos Llorente,/en/players/02c15616/Marcos-Llorente
Giovani Lo Celso,/en/players/d7553721/Giovani-Lo-Celso
Enzo Loiodice,/en/players/6bca20fe/Enzo-Loiodice
David López,/en/players/f03f284b/David-Lopez
Diego López,/en/players/c487901c/Diego-Lopez
Fer López,/en/players/675cacff/Fer-Lopez
Fermin López,/en/players/c1fe5f0b/Fermin-Lopez
Javi López,/en/players/e9ada8cf/Javi-Lopez
Pau López,/en/players/20b9f052/Pau-Lopez
Roberto López,/en/players/2a8c9f98/Roberto-Lopez
Unai López,/en/players/88050721/Unai-Lopez
Iker Losada,/en/players/41521385/Iker-Losada
Iker Losada,/en/players/41521385/Iker-Losada
Pol Lozano,/en/players/ea610f00/Pol-Lozano
José Luis Gayà,/en/players/b05e2dbd/Jose-Luis-Gaya
Dodi Lukebakio,/en/players/0c61c77c/Dodi-Lukebakio
Daniel Luna,/en/players/410b16e3/Daniel-Luna
Andriy Lunin,/en/players/3061e1ec/Andriy-Lunin
Darwin Machís,/en/players/ed6ea4d9/Darwin-Machis
Pablo Maffeo,/en/players/5db04597/Pablo-Maffeo
Jon Magunazelaia,/en/players/d4808594/Jon-Magunazelaia
Giorgi Mamardashvili,/en/players/d4b73232/Giorgi-Mamardashvili
Reinildo Mandava,/en/players/c20bdcd7/Reinildo-Mandava
Javier Manquillo,/en/players/758dd7f0/Javier-Manquillo
Marcão,/en/players/133faa84/Marcao
Óscar de Marcos,/en/players/9f323c71/Oscar-de-Marcos
Alberto Marí,/en/players/44330c36/Alberto-Mari
José María Giménez,/en/players/f0da930c/Jose-Maria-Gimenez
Arkaitz Mariezkurrena,/en/players/7c2c671c/Arkaitz-Mariezkurrena
Pablo Marín,/en/players/a83c19cf/Pablo-Marin
Mika Màrmol,/en/players/e7630876/Mika-Marmol
Mario Maroto,/en/players/b518c5ab/Mario-Maroto
Carlos Martín,/en/players/64035864/Carlos-Martin
Gerard Martín,/en/players/b792c59d/Gerard-Martin
Iván Martín,/en/players/ae48c5cb/Ivan-Martin
Jon Martin,/en/players/df33ecb5/Jon-Martin
Mario Martín,/en/players/a9aff11a/Mario-Martin
Arnau Martinez,/en/players/c3e66ffe/Arnau-Martinez
Iñigo Martínez,/en/players/3fc45c73/Inigo-Martinez
Javi Martínez,/en/players/3672b352/Javi-Martinez
Ramón Martínez,/en/players/a04f40c8/Ramon-Martinez
Toni Martínez,/en/players/f3945e07/Toni-Martinez
Javi Martón,/en/players/2381eead/Javi-Marton
Marvin,/en/players/efaefda0/Marvin
Omar Mascarell,/en/players/11fd2b75/Omar-Mascarell
Jaime Mata,/en/players/02319ad7/Jaime-Mata
Borja Mayoral,/en/players/64e8ed6d/Borja-Mayoral
Kylian Mbappé,/en/players/42fd9c7f/Kylian-Mbappe
Oliver McBurnie,/en/players/78b8ac63/Oliver-McBurnie
Scott McKenna,/en/players/4e5a4cbc/Scott-McKenna
Mateo Mejía,/en/players/a96e9b5c/Mateo-Mejia
Arthur Melo,/en/players/48b3dd60/Arthur-Melo
Brais Méndez,/en/players/c9e39d91/Brais-Mendez
Ferland Mendy,/en/players/3cefcaef/Ferland-Mendy
Víctor Meseguer,/en/players/428a06a7/Victor-Meseguer
Miguel,/en/players/6763373d/Miguel
Éder Militão,/en/players/2784f898/Eder-Militao
Luis Milla,/en/players/19c36442/Luis-Milla
Pere Milla,/en/players/335039a2/Pere-Milla
Óscar Mingueza,/en/players/056269d7/Oscar-Mingueza
Kim Minsu,/en/players/11e36e68/Kim-Minsu
Bojan Miovski,/en/players/72e442c5/Bojan-Miovski
Rafa Mir,/en/players/bbf5c11b/Rafa-Mir
Luka Modrić,/en/players/6025fab1/Luka-Modric
Johan Mojica,/en/players/608f2092/Johan-Mojica
Alberto Moleiro,/en/players/c2c8897d/Alberto-Moleiro
Nahuel Molina,/en/players/23610943/Nahuel-Molina
Jon Moncayola,/en/players/9939e168/Jon-Moncayola
Gonzalo Montiel,/en/players/374d5158/Gonzalo-Montiel
Gerard Moreno,/en/players/81f0781e/Gerard-Moreno
Mateu Morey,/en/players/5fd5e542/Mateu-Morey
Ilaix Moriba,/en/players/f4c69aa6/Ilaix-Moriba
Manu Morlanes,/en/players/a0255c67/Manu-Morlanes
Raúl Moro,/en/players/919dd4b1/Raul-Moro
Cristhian Mosquera,/en/players/dc1ce4f5/Cristhian-Mosquera
Santiago Mouriño,/en/players/91ee5785/Santiago-Mourino
Abdul Mumin,/en/players/5487adcd/Abdul-Mumin
Aihen Muñoz,/en/players/228b0d9d/Aihen-Munoz
Álex Muñoz,/en/players/853f211e/Alex-Munoz
Iker Muñoz,/en/players/175ece4c/Iker-Munoz
Javier Muñoz,/en/players/ec7c84c2/Javier-Munoz
Vedat Muriqi,/en/players/0cadc46d/Vedat-Muriqi
Juan Musso,/en/players/a111cf41/Juan-Musso
Matija Nastasić,/en/players/f35430a4/Matija-Nastasic
Natan,/en/players/94bccc82/Natan
Pau Navarro,/en/players/3171351c/Pau-Navarro
Roberto Navarro,/en/players/c997b942/Roberto-Navarro
Jesús Navas,/en/players/3f10bd22/Jesus-Navas
Yvan Neyou,/en/players/0ad37003/Yvan-Neyou
Tanguy Nianzou,/en/players/5853ac44/Tanguy-Nianzou
Saúl Ñíguez,/en/players/c14bc029/Saul-Niguez
Tamás Nikitscher,/en/players/a1c7fe4e/Tamas-Nikitscher
Adrian Niño,/en/players/5b9067c9/Adrian-Nino
Hugo Novoa,/en/players/5458f670/Hugo-Novoa
Randy Nteka,/en/players/a6103274/Randy-Nteka
Unai Núñez,/en/players/be170419/Unai-Nunez
Ørjan Nyland,/en/players/bdedffac/Orjan-Nyland
Allan Nyom,/en/players/97572117/Allan-Nyom
Jan Oblak,/en/players/ee8508c0/Jan-Oblak
Lucas Ocampos,/en/players/a08b974a/Lucas-Ocampos
Álvaro Odriozola,/en/players/1d1691ad/Alvaro-Odriozola
Thiago Ojeda,/en/players/06bb141c/Thiago-Ojeda
Olasagasti,/en/players/3d99999d/Olasagasti
Brian Oliván,/en/players/a3e4bf46/Brian-Olivan
Lucas Oliveira Rosa,/en/players/5132b92c/Lucas-Oliveira-Rosa
Dani Olmo,/en/players/ae44e8e2/Dani-Olmo
Aimar Oroz,/en/players/7c363088/Aimar-Oroz
Ángel Ortíz,/en/players/a2f3bbb9/Angel-Ortiz
Gabriel Osei Misehouy,/en/players/349a7574/Gabriel-Osei-Misehouy
David Otorbi,/en/players/c83e3553/David-Otorbi
Jesús Owono,/en/players/d6e3d7fb/Jesus-Owono
Mikel Oyarzabal,/en/players/8c3c640c/Mikel-Oyarzabal
Cenk Özkacar,/en/players/9a93efc9/Cenk-Ozkacar
Jon Pacheco,/en/players/44150beb/Jon-Pacheco
Alex Padilla,/en/players/a275838a/Alex-Padilla
Isaac Palazón Camacho,/en/players/49dbab27/Isaac-Palazon-Camacho
Aitor Paredes,/en/players/b906757a/Aitor-Paredes
Daniel Parejo,/en/players/7460ca0d/Daniel-Parejo
Álvaro Pascual,/en/players/68ad2350/Alvaro-Pascual
Alfonso Pedraza,/en/players/63f04c6c/Alfonso-Pedraza
Pedri,/en/players/0d9b2d31/Pedri
Adrià Pedrosa,/en/players/112521d1/Adria-Pedrosa
Pejiño,/en/players/8c4e56cb/Pejino
Andy Pelmard,/en/players/f18d7ab2/Andy-Pelmard
Iñaki Peña ,/en/players/cc1c5035/Inaki-Pena
Rubén Peña,/en/players/1f079188/Ruben-Pena
Nicolas Pépé,/en/players/57e3f0c7/Nicolas-Pepe
Peque,/en/players/cb971b4f/Peque
Ayoze Pérez,/en/players/819aa8e7/Ayoze-Perez
Carles Pérez,/en/players/a8f21b9f/Carles-Perez
Francisco Perez,/en/players/3d79a68c/Francisco-Perez
Kike Pérez,/en/players/237a3851/Kike-Perez
Luis Pérez,/en/players/b7c04927/Luis-Perez
Romain Perraud,/en/players/6dfd8f05/Romain-Perraud
Valentín Pezzolesi,/en/players/06d00fbd/Valentin-Pezzolesi
Pica,/en/players/9b30eda5/Pica
Yeremi Pino,/en/players/540ec57b/Yeremi-Pino
Portu,/en/players/1bda5842/Portu
Beñat Prados,/en/players/1f60244a/Benat-Prados
Abdón Prats,/en/players/d1b060e2/Abdon-Prats
Javi Puado,/en/players/2683eda7/Javi-Puado
Dani Raba,/en/players/ea6a7ab4/Dani-Raba
Antonio Raillo,/en/players/b857bd29/Antonio-Raillo
Benito Ramírez,/en/players/db714daf/Benito-Ramirez
Sandro Ramírez,/en/players/833fb62e/Sandro-Ramirez
Raphinha,/en/players/3423f250/Raphinha
Andrei Ratiu,/en/players/b1b99435/Andrei-Ratiu
Raúl,/en/players/18f0a9f0/Raul
Abderrahman Rebbach,/en/players/9a796115/Abderrahman-Rebbach
Álex Remiro,/en/players/374ee424/Alex-Remiro
Diego Rico,/en/players/d9ba39fc/Diego-Rico
Luis Rioja,/en/players/eb3dd471/Luis-Rioja
Luis Rioja,/en/players/eb3dd471/Luis-Rioja
Rodrigo Riquelme,/en/players/65154df0/Rodrigo-Riquelme
Alberto Risco,/en/players/36286814/Alberto-Risco
Mihailo Ristić,/en/players/ea0aa7e0/Mihailo-Ristic
Gorka Rivera Alonso,/en/players/f1124008/Gorka-Rivera-Alonso
Marc Roca,/en/players/da27e268/Marc-Roca
Rodri,/en/players/85bed4ee/Rodri
Álvaro Rodríguez,/en/players/49a6ecbb/Alvaro-Rodriguez
Óscar Rodríguez Arnaiz,/en/players/19709006/Oscar-Rodriguez-Arnaiz
Damián Rodríguez,/en/players/22371dee/Damian-Rodriguez
Dani Rodríguez,/en/players/70f8e0bd/Dani-Rodriguez
James Rodríguez,/en/players/715bf047/James-Rodriguez
Javi Rodríguez,/en/players/08ec5e71/Javi-Rodriguez
Jesus Rodríguez,/en/players/f9f74e43/Jesus-Rodriguez
Kirian Rodríguez,/en/players/9b130479/Kirian-Rodriguez
Ricardo Rodríguez,/en/players/7f78ad23/Ricardo-Rodriguez
Rodrygo,/en/players/8f5e92a6/Rodrygo
Leo Román,/en/players/924ff27e/Leo-Roman
Carlos Romero,/en/players/23cbf863/Carlos-Romero
Isaac Romero,/en/players/be719093/Isaac-Romero
Luka Romero,/en/players/ca6edaa0/Luka-Romero
Oriol Romeu,/en/players/4b511457/Oriol-Romeu
Vitor Roque,/en/players/cb00f1e6/Vitor-Roque
Valentin Rosier,/en/players/9b6d9b53/Valentin-Rosier
Antonio Rüdiger,/en/players/18b896d6/Antonio-Rudiger
Aitor Ruibal,/en/players/a55d8df5/Aitor-Ruibal
Abel Ruiz,/en/players/6cbf8d0d/Abel-Ruiz
Ferrán Ruiz,/en/players/4e4b8e97/Ferran-Ruiz
Youssouf Sabaly,/en/players/fbbb9269/Youssouf-Sabaly
Umar Sadiq,/en/players/686cbe7d/Umar-Sadiq
Umar Sadiq,/en/players/686cbe7d/Umar-Sadiq
Jorge Sáenz,/en/players/bfca375c/Jorge-Saenz
Jan Salas,/en/players/59bb99d1/Jan-Salas
Kike Salas,/en/players/0a69de7b/Kike-Salas
Albert Sambi Lokonga,/en/players/1b4f1169/Albert-Sambi-Lokonga
Chuky san jose,/en/players/0525a80f/Chuky-san-jose
Oihan Sancet,/en/players/bdb624a3/Oihan-Sancet
Antonio Sánchez,/en/players/a254bbe0/Antonio-Sanchez
Iván Sánchez,/en/players/70107d4d/Ivan-Sanchez
Javi Sánchez,/en/players/60359288/Javi-Sanchez
Juanlu Sánchez,/en/players/cc6de655/Juanlu-Sanchez
Manu Sánchez,/en/players/ffacd3d5/Manu-Sanchez
Maroan Sannadi,/en/players/bea2537a/Maroan-Sannadi
Jesús Santiago,/en/players/bc49fd34/Jesus-Santiago
Aleksandar Sedlar,/en/players/a35134ae/Aleksandar-Sedlar
Sergi,/en/players/65ac6ea0/Sergi
Nicolás Serrano,/en/players/2ad0e5e5/Nicolas-Serrano
Fábio Silva,/en/players/e7aa9d7c/Fabio-Silva
Rui Silva,/en/players/ea83bfa6/Rui-Silva
Giuliano Simeone,/en/players/a6536561/Giuliano-Simeone
Unai Simón,/en/players/5dcf3e90/Unai-Simon
Daley Sinkgraven,/en/players/73000a79/Daley-Sinkgraven
Jailson Siqueira,/en/players/b4819112/Jailson-Siqueira
Antonio Sivera,/en/players/9970da54/Antonio-Sivera
Justin Smith,/en/players/a496d4a2/Justin-Smith
Alex Sola,/en/players/5fa714d5/Alex-Sola
Jhon Solis,/en/players/1282939a/Jhon-Solis
David Soria,/en/players/8f8c6934/David-Soria
Juan Soriano,/en/players/5512b1a9/Juan-Soriano
Hugo Sotelo,/en/players/3aa74860/Hugo-Sotelo
Djibril Sow,/en/players/4c6facae/Djibril-Sow
Carl Starfelt,/en/players/5cfec13d/Carl-Starfelt
Orri Steinn Óskarsson,/en/players/d0b8e745/Orri-Steinn-Oskarsson
Stoichkov,/en/players/4e257184/Stoichkov
Cristhian Stuani,/en/players/220c11f1/Cristhian-Stuani
Álex Suárez,/en/players/9c137b36/Alex-Suarez
Denis Suárez,/en/players/12c50af5/Denis-Suarez
Luka Sučić,/en/players/1e1378e1/Luka-Sucic
Suso,/en/players/4e219ad2/Suso
Williot Swedberg,/en/players/184fe4b2/Williot-Swedberg
Mamadou Sylla,/en/players/e5ec95f8/Mamadou-Sylla
Wojciech Szczęsny,/en/players/01b8a2b2/Wojciech-Szczesny
Alexander Sørloth,/en/players/e92cd3f7/Alexander-Sorloth
Renato Tapia,/en/players/34269bdf/Renato-Tapia
César Tárrega,/en/players/59c29820/Cesar-Tarrega
Aurélien Tchouaméni,/en/players/4f255115/Aurelien-Tchouameni
Álvaro Tejero,/en/players/868ce848/Alvaro-Tejero
Martín Tejón,/en/players/f99cc198/Martin-Tejon
Nahuel Tenaglia,/en/players/66654daa/Nahuel-Tenaglia
Marc-André ter Stegen,/en/players/6f51e382/Marc-Andre-ter-Stegen
Ramón Terrats,/en/players/f36016a5/Ramon-Terrats
Ramón Terrats,/en/players/f36016a5/Ramon-Terrats
Pablo Torre,/en/players/04e531b6/Pablo-Torre
David Torres,/en/players/381dbcfc/David-Torres
Ferrán Torres,/en/players/9e1035f8/Ferran-Torres
Lucas Torró,/en/players/0e4fef6e/Lucas-Torro
Hamari Traoré,/en/players/a4b1028a/Hamari-Traore
Óscar Trejo,/en/players/fc647b34/Oscar-Trejo
Viktor Tsyhankov,/en/players/f7e87032/Viktor-Tsyhankov
Beñat Turrientes,/en/players/068f4dec/Benat-Turrientes
Chrisantus Uche,/en/players/87941696/Chrisantus-Uche
Naci Ünüvar,/en/players/bf25cb29/Naci-Unuvar
Óscar Valentín,/en/players/592f3158/Oscar-Valentin
Germán Valera,/en/players/84f55b4a/German-Valera
Martin Valjent,/en/players/f2c6ac01/Martin-Valjent
Jesús Vallejo,/en/players/c2111b45/Jesus-Vallejo
Federico Valverde,/en/players/0959c2a2/Federico-Valverde
Siebe Van Der Heyden,/en/players/cf9bdd43/Siebe-Van-Der-Heyden
Ruben Vargas,/en/players/6ecbddf6/Ruben-Vargas
José Luis García Vayá,/en/players/27dc1378/Jose-Luis-Garcia-Vaya
Jesus Vazquez,/en/players/106c142c/Jesus-Vazquez
Lucas Vázquez,/en/players/fd51b456/Lucas-Vazquez
Alejo Véliz,/en/players/3f7bafbe/Alejo-Veliz
Mikel Vesga,/en/players/b0fce72c/Mikel-Vesga
Carlos Vicente,/en/players/90df343e/Carlos-Vicente
Pau Victor Delgado,/en/players/e6e7c819/Pau-Victor-Delgado
Nacho Vidal,/en/players/3a9c4b7b/Nacho-Vidal
Fran Vieites,/en/players/2ae958ab/Fran-Vieites
Asier Villalibre,/en/players/57be54ec/Asier-Villalibre
Iván Villar,/en/players/cde52ef5/Ivan-Villar
Viti,/en/players/c56a2d27/Viti
Daniel Vivian,/en/players/ab7bf91d/Daniel-Vivian
Iñaki Williams,/en/players/6a99e0b1/Inaki-Williams
Nico Williams,/en/players/afdc14d7/Nico-Williams
Axel Witsel,/en/players/5dfc6ad5/Axel-Witsel
Lamine Yamal,/en/players/82ec26c1/Lamine-Yamal
Daniel Yáñez,/en/players/79310b33/Daniel-Yanez
Bertuğ Yıldırım,/en/players/7410d325/Bertug-Yildirim
Arsen Zakharyan,/en/players/7f14ec2a/Arsen-Zakharyan
Bryan Zaragoza,/en/players/a96103b2/Bryan-Zaragoza
Igor Zubeldia,/en/players/5c7845f6/Igor-Zubeldia
Martín Zubimendi,/en/players/3ee0dd59/Martin-Zubimendi
